--------------------------------------------------------
--  文件已创建 - 星期五-八月-31-2018   
--------------------------------------------------------
--------------------------------------------------------
--  DDL for Table BUYER
--------------------------------------------------------

  CREATE TABLE "RAINBOWSIX6"."BUYER" 
   (	"BUYER_NO" NUMBER(20,0), 
	"BUYER_NAME" VARCHAR2(20 BYTE), 
	"BUYER_CONTACT" NUMBER(11,0), 
	"BUYER_CODE" VARCHAR2(12 BYTE), 
	"BUYER_LOCAL" VARCHAR2(50 BYTE), 
	"BUYER_DESC" VARCHAR2(50 BYTE), 
	"BUYER_SHOP" VARCHAR2(20 BYTE), 
	"BUYER_AREA" NUMBER(3,0), 
	"COLUMN1" NUMBER(38,0)
   ) SEGMENT CREATION DEFERRED 
  PCTFREE 10 PCTUSED 40 INITRANS 1 MAXTRANS 255 NOCOMPRESS LOGGING
  TABLESPACE "USERS" ;
--------------------------------------------------------
--  DDL for Table GOODS
--------------------------------------------------------

  CREATE TABLE "RAINBOWSIX6"."GOODS" 
   (	"PROID" NUMBER(8,0), 
	"COMID" VARCHAR2(20 BYTE), 
	"STATE" VARCHAR2(20 BYTE), 
	"STOCK" NUMBER(9,0), 
	"GOODDESC" VARCHAR2(20 BYTE), 
	"TYPENO" NUMBER, 
	"TITLE" VARCHAR2(20 BYTE), 
	"PRICE" NUMBER(8,2), 
	"WEIGHT" NUMBER(8,2), 
	"GOODDATE" DATE, 
	"TYPE" VARCHAR2(20 BYTE)
   ) SEGMENT CREATION IMMEDIATE 
  PCTFREE 10 PCTUSED 40 INITRANS 1 MAXTRANS 255 NOCOMPRESS LOGGING
  STORAGE(INITIAL 65536 NEXT 1048576 MINEXTENTS 1 MAXEXTENTS 2147483645
  PCTINCREASE 0 FREELISTS 1 FREELIST GROUPS 1 BUFFER_POOL DEFAULT FLASH_CACHE DEFAULT CELL_FLASH_CACHE DEFAULT)
  TABLESPACE "USERS" ;
--------------------------------------------------------
--  DDL for Table LOGISTICS
--------------------------------------------------------

  CREATE TABLE "RAINBOWSIX6"."LOGISTICS" 
   (	"LOGISTICSID" NUMBER(20,0), 
	"ORDERID" NUMBER(20,0), 
	"ADDRESS" VARCHAR2(20 BYTE), 
	"EXPRESSNUMBER" NUMBER(20,0), 
	"CONSIGNEE" VARCHAR2(20 BYTE), 
	"PHONE" NUMBER(20,0)
   ) SEGMENT CREATION IMMEDIATE 
  PCTFREE 10 PCTUSED 40 INITRANS 1 MAXTRANS 255 NOCOMPRESS LOGGING
  STORAGE(INITIAL 65536 NEXT 1048576 MINEXTENTS 1 MAXEXTENTS 2147483645
  PCTINCREASE 0 FREELISTS 1 FREELIST GROUPS 1 BUFFER_POOL DEFAULT FLASH_CACHE DEFAULT CELL_FLASH_CACHE DEFAULT)
  TABLESPACE "USERS" ;
 

   COMMENT ON COLUMN "RAINBOWSIX6"."LOGISTICS"."LOGISTICSID" IS '物流id';
 
   COMMENT ON COLUMN "RAINBOWSIX6"."LOGISTICS"."ORDERID" IS '订单id';
 
   COMMENT ON COLUMN "RAINBOWSIX6"."LOGISTICS"."ADDRESS" IS '收货地址';
 
   COMMENT ON COLUMN "RAINBOWSIX6"."LOGISTICS"."EXPRESSNUMBER" IS '快递单号';
 
   COMMENT ON COLUMN "RAINBOWSIX6"."LOGISTICS"."CONSIGNEE" IS '收货人';
 
   COMMENT ON COLUMN "RAINBOWSIX6"."LOGISTICS"."PHONE" IS '手机号';
--------------------------------------------------------
--  DDL for Table AREA
--------------------------------------------------------

  CREATE TABLE "RAINBOWSIX6"."AREA" 
   (	"AREA_ID" NUMBER, 
	"AREANAME" VARCHAR2(64 BYTE), 
	"AREALANG" VARCHAR2(32 BYTE), 
	"DES" VARCHAR2(2000 BYTE)
   ) SEGMENT CREATION IMMEDIATE 
  PCTFREE 10 PCTUSED 40 INITRANS 1 MAXTRANS 255 NOCOMPRESS LOGGING
  STORAGE(INITIAL 65536 NEXT 1048576 MINEXTENTS 1 MAXEXTENTS 2147483645
  PCTINCREASE 0 FREELISTS 1 FREELIST GROUPS 1 BUFFER_POOL DEFAULT FLASH_CACHE DEFAULT CELL_FLASH_CACHE DEFAULT)
  TABLESPACE "USERS" ;
--------------------------------------------------------
--  DDL for Table GOODSPHOTO
--------------------------------------------------------

  CREATE TABLE "RAINBOWSIX6"."GOODSPHOTO" 
   (	"PHOTO_ID" NUMBER(12,0), 
	"PROID" NUMBER(12,0), 
	"DES" NUMBER(12,0), 
	"PHOTO" BLOB, 
	"RANK" NUMBER(12,0), 
	"LOADDATE" DATE, 
	"PHOTOFILENAME" VARCHAR2(128 BYTE), 
	"PHOTOCONTENTTYPE" VARCHAR2(128 BYTE)
   ) SEGMENT CREATION IMMEDIATE 
  PCTFREE 10 PCTUSED 40 INITRANS 1 MAXTRANS 255 NOCOMPRESS LOGGING
  STORAGE(INITIAL 65536 NEXT 1048576 MINEXTENTS 1 MAXEXTENTS 2147483645
  PCTINCREASE 0 FREELISTS 1 FREELIST GROUPS 1 BUFFER_POOL DEFAULT FLASH_CACHE DEFAULT CELL_FLASH_CACHE DEFAULT)
  TABLESPACE "USERS" 
 LOB ("PHOTO") STORE AS BASICFILE (
  TABLESPACE "USERS" ENABLE STORAGE IN ROW CHUNK 8192 RETENTION 
  NOCACHE LOGGING 
  STORAGE(INITIAL 65536 NEXT 1048576 MINEXTENTS 1 MAXEXTENTS 2147483645
  PCTINCREASE 0 FREELISTS 1 FREELIST GROUPS 1 BUFFER_POOL DEFAULT FLASH_CACHE DEFAULT CELL_FLASH_CACHE DEFAULT)) ;
--------------------------------------------------------
--  DDL for Table MAKER
--------------------------------------------------------

  CREATE TABLE "RAINBOWSIX6"."MAKER" 
   (	"MAKER_NO" NUMBER(12,0), 
	"MAKER_NAME" VARCHAR2(128 BYTE), 
	"MAKER_PASSWORD" VARCHAR2(128 BYTE), 
	"ADDRESS" VARCHAR2(1000 BYTE), 
	"EMAIL" VARCHAR2(128 BYTE), 
	"PHONE_NUMBER" VARCHAR2(20 BYTE), 
	"MAKER_ID" VARCHAR2(20 BYTE)
   ) SEGMENT CREATION IMMEDIATE 
  PCTFREE 10 PCTUSED 40 INITRANS 1 MAXTRANS 255 NOCOMPRESS LOGGING
  STORAGE(INITIAL 65536 NEXT 1048576 MINEXTENTS 1 MAXEXTENTS 2147483645
  PCTINCREASE 0 FREELISTS 1 FREELIST GROUPS 1 BUFFER_POOL DEFAULT FLASH_CACHE DEFAULT CELL_FLASH_CACHE DEFAULT)
  TABLESPACE "USERS" ;
--------------------------------------------------------
--  DDL for Table PHOTO_LINK_COLOR
--------------------------------------------------------

  CREATE TABLE "RAINBOWSIX6"."PHOTO_LINK_COLOR" 
   (	"PHOTOID" NUMBER(20,0), 
	"COLORID" NUMBER(20,0)
   ) SEGMENT CREATION IMMEDIATE 
  PCTFREE 10 PCTUSED 40 INITRANS 1 MAXTRANS 255 NOCOMPRESS LOGGING
  STORAGE(INITIAL 65536 NEXT 1048576 MINEXTENTS 1 MAXEXTENTS 2147483645
  PCTINCREASE 0 FREELISTS 1 FREELIST GROUPS 1 BUFFER_POOL DEFAULT FLASH_CACHE DEFAULT CELL_FLASH_CACHE DEFAULT)
  TABLESPACE "USERS" ;
--------------------------------------------------------
--  DDL for Table ORDERS
--------------------------------------------------------

  CREATE TABLE "RAINBOWSIX6"."ORDERS" 
   (	"ORDERID" NUMBER(20,0), 
	"COMID" VARCHAR2(20 BYTE), 
	"ORDERSTATE" VARCHAR2(20 BYTE), 
	"BSID" NUMBER(20,0)
   ) SEGMENT CREATION IMMEDIATE 
  PCTFREE 10 PCTUSED 40 INITRANS 1 MAXTRANS 255 NOCOMPRESS LOGGING
  STORAGE(INITIAL 65536 NEXT 1048576 MINEXTENTS 1 MAXEXTENTS 2147483645
  PCTINCREASE 0 FREELISTS 1 FREELIST GROUPS 1 BUFFER_POOL DEFAULT FLASH_CACHE DEFAULT CELL_FLASH_CACHE DEFAULT)
  TABLESPACE "USERS" ;
--------------------------------------------------------
--  DDL for Table PHOTOCOLOR
--------------------------------------------------------

  CREATE TABLE "RAINBOWSIX6"."PHOTOCOLOR" 
   (	"COLORID" NUMBER(20,0), 
	"COLORNAME" VARCHAR2(20 BYTE)
   ) SEGMENT CREATION IMMEDIATE 
  PCTFREE 10 PCTUSED 40 INITRANS 1 MAXTRANS 255 NOCOMPRESS LOGGING
  STORAGE(INITIAL 65536 NEXT 1048576 MINEXTENTS 1 MAXEXTENTS 2147483645
  PCTINCREASE 0 FREELISTS 1 FREELIST GROUPS 1 BUFFER_POOL DEFAULT FLASH_CACHE DEFAULT CELL_FLASH_CACHE DEFAULT)
  TABLESPACE "USERS" ;
--------------------------------------------------------
--  DDL for Table RESELLER
--------------------------------------------------------

  CREATE TABLE "RAINBOWSIX6"."RESELLER" 
   (	"RESELLER_ID" NUMBER(12,0), 
	"RESELLER_MAIL" VARCHAR2(128 BYTE), 
	"RESELLER_PHONE_PRE" CHAR(3 BYTE), 
	"RESELLER_PHONE_SUF" CHAR(11 BYTE), 
	"RESELLER_LOCATION" VARCHAR2(64 BYTE), 
	"RESELLER_NAME" VARCHAR2(20 BYTE)
   ) SEGMENT CREATION IMMEDIATE 
  PCTFREE 10 PCTUSED 40 INITRANS 1 MAXTRANS 255 NOCOMPRESS LOGGING
  STORAGE(INITIAL 65536 NEXT 1048576 MINEXTENTS 1 MAXEXTENTS 2147483645
  PCTINCREASE 0 FREELISTS 1 FREELIST GROUPS 1 BUFFER_POOL DEFAULT FLASH_CACHE DEFAULT CELL_FLASH_CACHE DEFAULT)
  TABLESPACE "USERS" ;
--------------------------------------------------------
--  DDL for Table ROLE_LINK_FUNCTION
--------------------------------------------------------

  CREATE TABLE "RAINBOWSIX6"."ROLE_LINK_FUNCTION" 
   (	"FUNCTION_ID" NUMBER(12,0), 
	"ROLE_ID" NUMBER
   ) SEGMENT CREATION IMMEDIATE 
  PCTFREE 10 PCTUSED 40 INITRANS 1 MAXTRANS 255 NOCOMPRESS LOGGING
  STORAGE(INITIAL 65536 NEXT 1048576 MINEXTENTS 1 MAXEXTENTS 2147483645
  PCTINCREASE 0 FREELISTS 1 FREELIST GROUPS 1 BUFFER_POOL DEFAULT FLASH_CACHE DEFAULT CELL_FLASH_CACHE DEFAULT)
  TABLESPACE "USERS" ;
--------------------------------------------------------
--  DDL for Table SYS_FUNCTION
--------------------------------------------------------

  CREATE TABLE "RAINBOWSIX6"."SYS_FUNCTION" 
   (	"FUN_ID" NUMBER(12,0), 
	"FUN_NAME" VARCHAR2(16 BYTE), 
	"FUN_URL" VARCHAR2(1024 BYTE), 
	"MODULE_ID" NUMBER(8,0)
   ) SEGMENT CREATION IMMEDIATE 
  PCTFREE 10 PCTUSED 40 INITRANS 1 MAXTRANS 255 NOCOMPRESS LOGGING
  STORAGE(INITIAL 65536 NEXT 1048576 MINEXTENTS 1 MAXEXTENTS 2147483645
  PCTINCREASE 0 FREELISTS 1 FREELIST GROUPS 1 BUFFER_POOL DEFAULT FLASH_CACHE DEFAULT CELL_FLASH_CACHE DEFAULT)
  TABLESPACE "USERS" ;
--------------------------------------------------------
--  DDL for Table SYS_MODULE
--------------------------------------------------------

  CREATE TABLE "RAINBOWSIX6"."SYS_MODULE" 
   (	"MODULE_ID" NUMBER(8,0), 
	"MODULE_NAME" VARCHAR2(16 BYTE), 
	"MODULE_TARGET" VARCHAR2(32 BYTE)
   ) SEGMENT CREATION IMMEDIATE 
  PCTFREE 10 PCTUSED 40 INITRANS 1 MAXTRANS 255 NOCOMPRESS LOGGING
  STORAGE(INITIAL 65536 NEXT 1048576 MINEXTENTS 1 MAXEXTENTS 2147483645
  PCTINCREASE 0 FREELISTS 1 FREELIST GROUPS 1 BUFFER_POOL DEFAULT FLASH_CACHE DEFAULT CELL_FLASH_CACHE DEFAULT)
  TABLESPACE "USERS" ;
--------------------------------------------------------
--  DDL for Table SYS_USER
--------------------------------------------------------

  CREATE TABLE "RAINBOWSIX6"."SYS_USER" 
   (	"USERID" NUMBER(*,0), 
	"USERNAME" VARCHAR2(32 BYTE), 
	"USERPASSWORD" VARCHAR2(128 BYTE), 
	"RESELLER_ID" NUMBER(20,0), 
	"MAKER_ID" NUMBER(12,0), 
	"PAYPACKAGEID" NUMBER(20,0), 
	"CREATEDATE" DATE, 
	"AREA_ID" NUMBER, 
	"AVATAR_NAME" VARCHAR2(20 BYTE), 
	"AVATAR_TYPE" VARCHAR2(20 BYTE), 
	"USER_AVATAR" BLOB
   ) SEGMENT CREATION IMMEDIATE 
  PCTFREE 10 PCTUSED 40 INITRANS 1 MAXTRANS 255 NOCOMPRESS LOGGING
  STORAGE(INITIAL 65536 NEXT 1048576 MINEXTENTS 1 MAXEXTENTS 2147483645
  PCTINCREASE 0 FREELISTS 1 FREELIST GROUPS 1 BUFFER_POOL DEFAULT FLASH_CACHE DEFAULT CELL_FLASH_CACHE DEFAULT)
  TABLESPACE "USERS" 
 LOB ("USER_AVATAR") STORE AS BASICFILE (
  TABLESPACE "USERS" ENABLE STORAGE IN ROW CHUNK 8192 RETENTION 
  NOCACHE LOGGING 
  STORAGE(INITIAL 65536 NEXT 1048576 MINEXTENTS 1 MAXEXTENTS 2147483645
  PCTINCREASE 0 FREELISTS 1 FREELIST GROUPS 1 BUFFER_POOL DEFAULT FLASH_CACHE DEFAULT CELL_FLASH_CACHE DEFAULT)) ;
--------------------------------------------------------
--  DDL for Table USER_LINK_ROLE
--------------------------------------------------------

  CREATE TABLE "RAINBOWSIX6"."USER_LINK_ROLE" 
   (	"USERID" NUMBER, 
	"ROLEID" NUMBER
   ) SEGMENT CREATION IMMEDIATE 
  PCTFREE 10 PCTUSED 40 INITRANS 1 MAXTRANS 255 NOCOMPRESS LOGGING
  STORAGE(INITIAL 65536 NEXT 1048576 MINEXTENTS 1 MAXEXTENTS 2147483645
  PCTINCREASE 0 FREELISTS 1 FREELIST GROUPS 1 BUFFER_POOL DEFAULT FLASH_CACHE DEFAULT CELL_FLASH_CACHE DEFAULT)
  TABLESPACE "USERS" ;
--------------------------------------------------------
--  DDL for Table USER_ROLE
--------------------------------------------------------

  CREATE TABLE "RAINBOWSIX6"."USER_ROLE" 
   (	"ROLENAME" VARCHAR2(16 BYTE), 
	"DETIAL" VARCHAR2(500 BYTE), 
	"ROLEID" NUMBER
   ) SEGMENT CREATION IMMEDIATE 
  PCTFREE 10 PCTUSED 40 INITRANS 1 MAXTRANS 255 NOCOMPRESS LOGGING
  STORAGE(INITIAL 65536 NEXT 1048576 MINEXTENTS 1 MAXEXTENTS 2147483645
  PCTINCREASE 0 FREELISTS 1 FREELIST GROUPS 1 BUFFER_POOL DEFAULT FLASH_CACHE DEFAULT CELL_FLASH_CACHE DEFAULT)
  TABLESPACE "USERS" ;
REM INSERTING into RAINBOWSIX6.BUYER
SET DEFINE OFF;
REM INSERTING into RAINBOWSIX6.GOODS
SET DEFINE OFF;
Insert into RAINBOWSIX6.GOODS (PROID,COMID,STATE,STOCK,GOODDESC,TYPENO,TITLE,PRICE,WEIGHT,GOODDATE,TYPE) values (146,'sc110','售空',0,null,1,'脉动2',4,600,null,'饮料');
Insert into RAINBOWSIX6.GOODS (PROID,COMID,STATE,STOCK,GOODDESC,TYPENO,TITLE,PRICE,WEIGHT,GOODDATE,TYPE) values (2,'22','有',0,null,1,'可乐',3,500,null,'饮料');
Insert into RAINBOWSIX6.GOODS (PROID,COMID,STATE,STOCK,GOODDESC,TYPENO,TITLE,PRICE,WEIGHT,GOODDATE,TYPE) values (3,'3333','有',1,null,2,'薯片',5,100,null,'零食');
Insert into RAINBOWSIX6.GOODS (PROID,COMID,STATE,STOCK,GOODDESC,TYPENO,TITLE,PRICE,WEIGHT,GOODDATE,TYPE) values (1,'1123','售空',0,null,1,'脉动',4,600,to_date('07-MAY-96','DD-MON-RR'),'饮料');
REM INSERTING into RAINBOWSIX6.LOGISTICS
SET DEFINE OFF;
Insert into RAINBOWSIX6.LOGISTICS (LOGISTICSID,ORDERID,ADDRESS,EXPRESSNUMBER,CONSIGNEE,PHONE) values (1,1,'广州',123456,'蒋婷',1787551409);
REM INSERTING into RAINBOWSIX6.AREA
SET DEFINE OFF;
Insert into RAINBOWSIX6.AREA (AREA_ID,AREANAME,AREALANG,DES) values (2,'China','zh','China');
Insert into RAINBOWSIX6.AREA (AREA_ID,AREANAME,AREALANG,DES) values (1,null,null,'中国');
REM INSERTING into RAINBOWSIX6.GOODSPHOTO
SET DEFINE OFF;
Insert into RAINBOWSIX6.GOODSPHOTO (PHOTO_ID,PROID,DES,RANK,LOADDATE,PHOTOFILENAME,PHOTOCONTENTTYPE) values (25,2,121,1,to_date('08-AUG-18','DD-MON-RR'),'Desert.jpg','Desert.jpg');
Insert into RAINBOWSIX6.GOODSPHOTO (PHOTO_ID,PROID,DES,RANK,LOADDATE,PHOTOFILENAME,PHOTOCONTENTTYPE) values (24,1,5,1,to_date('11-AUG-22','DD-MON-RR'),'Chrysanthemum.jpg','Chrysanthemum.jpg');
Insert into RAINBOWSIX6.GOODSPHOTO (PHOTO_ID,PROID,DES,RANK,LOADDATE,PHOTOFILENAME,PHOTOCONTENTTYPE) values (2,2,444,2,to_date('20-AUG-10','DD-MON-RR'),null,null);
Insert into RAINBOWSIX6.GOODSPHOTO (PHOTO_ID,PROID,DES,RANK,LOADDATE,PHOTOFILENAME,PHOTOCONTENTTYPE) values (1,1,2,1,to_date('17-AUG-18','DD-MON-RR'),null,null);
Insert into RAINBOWSIX6.GOODSPHOTO (PHOTO_ID,PROID,DES,RANK,LOADDATE,PHOTOFILENAME,PHOTOCONTENTTYPE) values (6,3,333,3,to_date('08-AUG-07','DD-MON-RR'),null,null);
Insert into RAINBOWSIX6.GOODSPHOTO (PHOTO_ID,PROID,DES,RANK,LOADDATE,PHOTOFILENAME,PHOTOCONTENTTYPE) values (3,3,555,2,to_date('23-AUG-18','DD-MON-RR'),null,null);
Insert into RAINBOWSIX6.GOODSPHOTO (PHOTO_ID,PROID,DES,RANK,LOADDATE,PHOTOFILENAME,PHOTOCONTENTTYPE) values (32,1,11,1,to_date('08-AUG-18','DD-MON-RR'),'Jellyfish.jpg','Jellyfish.jpg');
Insert into RAINBOWSIX6.GOODSPHOTO (PHOTO_ID,PROID,DES,RANK,LOADDATE,PHOTOFILENAME,PHOTOCONTENTTYPE) values (14,1,222,1,to_date('25-AUG-11','DD-MON-RR'),'Tulips.jpg','Tulips.jpg');
Insert into RAINBOWSIX6.GOODSPHOTO (PHOTO_ID,PROID,DES,RANK,LOADDATE,PHOTOFILENAME,PHOTOCONTENTTYPE) values (16,1,11,1,to_date('07-AUG-18','DD-MON-RR'),'Desert.jpg','Desert.jpg');
Insert into RAINBOWSIX6.GOODSPHOTO (PHOTO_ID,PROID,DES,RANK,LOADDATE,PHOTOFILENAME,PHOTOCONTENTTYPE) values (18,1,1,1,to_date('07-AUG-18','DD-MON-RR'),'Tulips.jpg','Tulips.jpg');
REM INSERTING into RAINBOWSIX6.MAKER
SET DEFINE OFF;
Insert into RAINBOWSIX6.MAKER (MAKER_NO,MAKER_NAME,MAKER_PASSWORD,ADDRESS,EMAIL,PHONE_NUMBER,MAKER_ID) values (2,'耐克','11111111','美国','2319313004@qq.com','11111111','44');
Insert into RAINBOWSIX6.MAKER (MAKER_NO,MAKER_NAME,MAKER_PASSWORD,ADDRESS,EMAIL,PHONE_NUMBER,MAKER_ID) values (1,'李宁','2222222222','中国','2319','2222222222','45');
Insert into RAINBOWSIX6.MAKER (MAKER_NO,MAKER_NAME,MAKER_PASSWORD,ADDRESS,EMAIL,PHONE_NUMBER,MAKER_ID) values (3,'匹克','3333333','中国潮汕','2319313004@qq.com','3333333','46');
Insert into RAINBOWSIX6.MAKER (MAKER_NO,MAKER_NAME,MAKER_PASSWORD,ADDRESS,EMAIL,PHONE_NUMBER,MAKER_ID) values (4,'安踏','3245435','杭州','23435525qq.com','45455','47');
Insert into RAINBOWSIX6.MAKER (MAKER_NO,MAKER_NAME,MAKER_PASSWORD,ADDRESS,EMAIL,PHONE_NUMBER,MAKER_ID) values (3,'361','6666666','外国','foreign.com','6666666','48');
REM INSERTING into RAINBOWSIX6.PHOTO_LINK_COLOR
SET DEFINE OFF;
Insert into RAINBOWSIX6.PHOTO_LINK_COLOR (PHOTOID,COLORID) values (1,1);
REM INSERTING into RAINBOWSIX6.ORDERS
SET DEFINE OFF;
Insert into RAINBOWSIX6.ORDERS (ORDERID,COMID,ORDERSTATE,BSID) values (46,'22','已发货',55);
Insert into RAINBOWSIX6.ORDERS (ORDERID,COMID,ORDERSTATE,BSID) values (47,null,'未发货',66);
Insert into RAINBOWSIX6.ORDERS (ORDERID,COMID,ORDERSTATE,BSID) values (49,null,'未发货',66);
Insert into RAINBOWSIX6.ORDERS (ORDERID,COMID,ORDERSTATE,BSID) values (59,null,'已发货',22);
Insert into RAINBOWSIX6.ORDERS (ORDERID,COMID,ORDERSTATE,BSID) values (60,null,'已发货',22);
Insert into RAINBOWSIX6.ORDERS (ORDERID,COMID,ORDERSTATE,BSID) values (61,null,'未发货',22);
Insert into RAINBOWSIX6.ORDERS (ORDERID,COMID,ORDERSTATE,BSID) values (21,null,'未发货',100);
Insert into RAINBOWSIX6.ORDERS (ORDERID,COMID,ORDERSTATE,BSID) values (65,null,'已发货',22);
Insert into RAINBOWSIX6.ORDERS (ORDERID,COMID,ORDERSTATE,BSID) values (56,null,'已发货',22);
Insert into RAINBOWSIX6.ORDERS (ORDERID,COMID,ORDERSTATE,BSID) values (53,null,'未发货',22);
Insert into RAINBOWSIX6.ORDERS (ORDERID,COMID,ORDERSTATE,BSID) values (54,null,'已发货',22);
Insert into RAINBOWSIX6.ORDERS (ORDERID,COMID,ORDERSTATE,BSID) values (57,null,'已发货',66);
Insert into RAINBOWSIX6.ORDERS (ORDERID,COMID,ORDERSTATE,BSID) values (62,null,'未发货',22);
Insert into RAINBOWSIX6.ORDERS (ORDERID,COMID,ORDERSTATE,BSID) values (52,null,'未发货',66);
Insert into RAINBOWSIX6.ORDERS (ORDERID,COMID,ORDERSTATE,BSID) values (63,null,'未发货',1112);
Insert into RAINBOWSIX6.ORDERS (ORDERID,COMID,ORDERSTATE,BSID) values (51,null,'已发货',22);
Insert into RAINBOWSIX6.ORDERS (ORDERID,COMID,ORDERSTATE,BSID) values (58,null,'未发货',22);
Insert into RAINBOWSIX6.ORDERS (ORDERID,COMID,ORDERSTATE,BSID) values (48,null,'已发货',66);
Insert into RAINBOWSIX6.ORDERS (ORDERID,COMID,ORDERSTATE,BSID) values (50,null,'未发货',22);
Insert into RAINBOWSIX6.ORDERS (ORDERID,COMID,ORDERSTATE,BSID) values (64,'3333','已发货',22);
REM INSERTING into RAINBOWSIX6.PHOTOCOLOR
SET DEFINE OFF;
Insert into RAINBOWSIX6.PHOTOCOLOR (COLORID,COLORNAME) values (1,'红色');
Insert into RAINBOWSIX6.PHOTOCOLOR (COLORID,COLORNAME) values (2,'黄色');
Insert into RAINBOWSIX6.PHOTOCOLOR (COLORID,COLORNAME) values (3,'蓝色');
Insert into RAINBOWSIX6.PHOTOCOLOR (COLORID,COLORNAME) values (4,'白色');
REM INSERTING into RAINBOWSIX6.RESELLER
SET DEFINE OFF;
Insert into RAINBOWSIX6.RESELLER (RESELLER_ID,RESELLER_MAIL,RESELLER_PHONE_PRE,RESELLER_PHONE_SUF,RESELLER_LOCATION,RESELLER_NAME) values (1,'2324','425','2523       ','sgds','gr');
REM INSERTING into RAINBOWSIX6.ROLE_LINK_FUNCTION
SET DEFINE OFF;
Insert into RAINBOWSIX6.ROLE_LINK_FUNCTION (FUNCTION_ID,ROLE_ID) values (2,22);
Insert into RAINBOWSIX6.ROLE_LINK_FUNCTION (FUNCTION_ID,ROLE_ID) values (3,22);
Insert into RAINBOWSIX6.ROLE_LINK_FUNCTION (FUNCTION_ID,ROLE_ID) values (4,22);
Insert into RAINBOWSIX6.ROLE_LINK_FUNCTION (FUNCTION_ID,ROLE_ID) values (5,22);
Insert into RAINBOWSIX6.ROLE_LINK_FUNCTION (FUNCTION_ID,ROLE_ID) values (6,22);
Insert into RAINBOWSIX6.ROLE_LINK_FUNCTION (FUNCTION_ID,ROLE_ID) values (8,2);
Insert into RAINBOWSIX6.ROLE_LINK_FUNCTION (FUNCTION_ID,ROLE_ID) values (21,2);
Insert into RAINBOWSIX6.ROLE_LINK_FUNCTION (FUNCTION_ID,ROLE_ID) values (22,2);
Insert into RAINBOWSIX6.ROLE_LINK_FUNCTION (FUNCTION_ID,ROLE_ID) values (23,2);
REM INSERTING into RAINBOWSIX6.SYS_FUNCTION
SET DEFINE OFF;
Insert into RAINBOWSIX6.SYS_FUNCTION (FUN_ID,FUN_NAME,FUN_URL,MODULE_ID) values (2,'所有商品','goods/showall.html',2);
Insert into RAINBOWSIX6.SYS_FUNCTION (FUN_ID,FUN_NAME,FUN_URL,MODULE_ID) values (3,'添加商品','xxx.html',2);
Insert into RAINBOWSIX6.SYS_FUNCTION (FUN_ID,FUN_NAME,FUN_URL,MODULE_ID) values (4,'修改库存','xxx.html',2);
Insert into RAINBOWSIX6.SYS_FUNCTION (FUN_ID,FUN_NAME,FUN_URL,MODULE_ID) values (5,'下架商品','xxx.html',2);
Insert into RAINBOWSIX6.SYS_FUNCTION (FUN_ID,FUN_NAME,FUN_URL,MODULE_ID) values (6,'修改商品信息','xxx.html',2);
Insert into RAINBOWSIX6.SYS_FUNCTION (FUN_ID,FUN_NAME,FUN_URL,MODULE_ID) values (8,'所有模块','module/main.html',4);
Insert into RAINBOWSIX6.SYS_FUNCTION (FUN_ID,FUN_NAME,FUN_URL,MODULE_ID) values (21,'所有功能','xxx.html',4);
Insert into RAINBOWSIX6.SYS_FUNCTION (FUN_ID,FUN_NAME,FUN_URL,MODULE_ID) values (22,'订单信息','order/ordermanager.html',21);
Insert into RAINBOWSIX6.SYS_FUNCTION (FUN_ID,FUN_NAME,FUN_URL,MODULE_ID) values (23,'查看商品','goods/goods.html',31);
REM INSERTING into RAINBOWSIX6.SYS_MODULE
SET DEFINE OFF;
Insert into RAINBOWSIX6.SYS_MODULE (MODULE_ID,MODULE_NAME,MODULE_TARGET) values (2,'商品管理','goods');
Insert into RAINBOWSIX6.SYS_MODULE (MODULE_ID,MODULE_NAME,MODULE_TARGET) values (4,'模块管理','module');
Insert into RAINBOWSIX6.SYS_MODULE (MODULE_ID,MODULE_NAME,MODULE_TARGET) values (31,'借卖商','seller');
Insert into RAINBOWSIX6.SYS_MODULE (MODULE_ID,MODULE_NAME,MODULE_TARGET) values (21,'订单管理','order');
Insert into RAINBOWSIX6.SYS_MODULE (MODULE_ID,MODULE_NAME,MODULE_TARGET) values (22,'用户管理','user');
REM INSERTING into RAINBOWSIX6.SYS_USER
SET DEFINE OFF;
Insert into RAINBOWSIX6.SYS_USER (USERID,USERNAME,USERPASSWORD,RESELLER_ID,MAKER_ID,PAYPACKAGEID,CREATEDATE,AREA_ID,AVATAR_NAME,AVATAR_TYPE) values (48,'勿忘我','asd',null,null,null,null,2,null,null);
Insert into RAINBOWSIX6.SYS_USER (USERID,USERNAME,USERPASSWORD,RESELLER_ID,MAKER_ID,PAYPACKAGEID,CREATEDATE,AREA_ID,AVATAR_NAME,AVATAR_TYPE) values (49,'佛匿名','123',null,null,null,null,2,null,null);
Insert into RAINBOWSIX6.SYS_USER (USERID,USERNAME,USERPASSWORD,RESELLER_ID,MAKER_ID,PAYPACKAGEID,CREATEDATE,AREA_ID,AVATAR_NAME,AVATAR_TYPE) values (106,'一百多块a','123456',null,44,null,null,null,'Koala.jpg','image/jpeg');
Insert into RAINBOWSIX6.SYS_USER (USERID,USERNAME,USERPASSWORD,RESELLER_ID,MAKER_ID,PAYPACKAGEID,CREATEDATE,AREA_ID,AVATAR_NAME,AVATAR_TYPE) values (110,'一百多块0','123456',null,null,null,null,1,'Chrysanthemum.jpg','image/jpeg');
Insert into RAINBOWSIX6.SYS_USER (USERID,USERNAME,USERPASSWORD,RESELLER_ID,MAKER_ID,PAYPACKAGEID,CREATEDATE,AREA_ID,AVATAR_NAME,AVATAR_TYPE) values (101,'asda','123456',null,null,null,null,null,null,null);
Insert into RAINBOWSIX6.SYS_USER (USERID,USERNAME,USERPASSWORD,RESELLER_ID,MAKER_ID,PAYPACKAGEID,CREATEDATE,AREA_ID,AVATAR_NAME,AVATAR_TYPE) values (102,'勿忘我3','123456',null,null,null,null,null,null,null);
Insert into RAINBOWSIX6.SYS_USER (USERID,USERNAME,USERPASSWORD,RESELLER_ID,MAKER_ID,PAYPACKAGEID,CREATEDATE,AREA_ID,AVATAR_NAME,AVATAR_TYPE) values (107,'一百多块b','123456',null,null,null,null,null,'Hydrangeas.jpg','image/jpeg');
Insert into RAINBOWSIX6.SYS_USER (USERID,USERNAME,USERPASSWORD,RESELLER_ID,MAKER_ID,PAYPACKAGEID,CREATEDATE,AREA_ID,AVATAR_NAME,AVATAR_TYPE) values (2,'test1','123456',null,null,null,null,null,null,null);
Insert into RAINBOWSIX6.SYS_USER (USERID,USERNAME,USERPASSWORD,RESELLER_ID,MAKER_ID,PAYPACKAGEID,CREATEDATE,AREA_ID,AVATAR_NAME,AVATAR_TYPE) values (65,'asdasd','123456',null,null,null,null,null,null,null);
Insert into RAINBOWSIX6.SYS_USER (USERID,USERNAME,USERPASSWORD,RESELLER_ID,MAKER_ID,PAYPACKAGEID,CREATEDATE,AREA_ID,AVATAR_NAME,AVATAR_TYPE) values (109,'一百多块06','123456',null,null,null,null,2,null,null);
Insert into RAINBOWSIX6.SYS_USER (USERID,USERNAME,USERPASSWORD,RESELLER_ID,MAKER_ID,PAYPACKAGEID,CREATEDATE,AREA_ID,AVATAR_NAME,AVATAR_TYPE) values (64,'勿忘我2','123456',null,null,null,null,null,null,null);
Insert into RAINBOWSIX6.SYS_USER (USERID,USERNAME,USERPASSWORD,RESELLER_ID,MAKER_ID,PAYPACKAGEID,CREATEDATE,AREA_ID,AVATAR_NAME,AVATAR_TYPE) values (103,'hhhh','123456',null,null,null,null,null,'Desert.jpg','image/jpeg');
Insert into RAINBOWSIX6.SYS_USER (USERID,USERNAME,USERPASSWORD,RESELLER_ID,MAKER_ID,PAYPACKAGEID,CREATEDATE,AREA_ID,AVATAR_NAME,AVATAR_TYPE) values (104,'勿忘我4','123456',null,null,null,null,null,'Tulips.jpg','image/jpeg');
Insert into RAINBOWSIX6.SYS_USER (USERID,USERNAME,USERPASSWORD,RESELLER_ID,MAKER_ID,PAYPACKAGEID,CREATEDATE,AREA_ID,AVATAR_NAME,AVATAR_TYPE) values (105,'一百多块','123456',null,null,null,null,null,'Desert.jpg','image/jpeg');
Insert into RAINBOWSIX6.SYS_USER (USERID,USERNAME,USERPASSWORD,RESELLER_ID,MAKER_ID,PAYPACKAGEID,CREATEDATE,AREA_ID,AVATAR_NAME,AVATAR_TYPE) values (108,'佛匿名2','123456',null,null,null,null,null,'Koala.jpg','image/jpeg');
REM INSERTING into RAINBOWSIX6.USER_LINK_ROLE
SET DEFINE OFF;
Insert into RAINBOWSIX6.USER_LINK_ROLE (USERID,ROLEID) values (48,2);
Insert into RAINBOWSIX6.USER_LINK_ROLE (USERID,ROLEID) values (48,22);
Insert into RAINBOWSIX6.USER_LINK_ROLE (USERID,ROLEID) values (49,2);
Insert into RAINBOWSIX6.USER_LINK_ROLE (USERID,ROLEID) values (108,2);
Insert into RAINBOWSIX6.USER_LINK_ROLE (USERID,ROLEID) values (109,2);
Insert into RAINBOWSIX6.USER_LINK_ROLE (USERID,ROLEID) values (110,2);
REM INSERTING into RAINBOWSIX6.USER_ROLE
SET DEFINE OFF;
Insert into RAINBOWSIX6.USER_ROLE (ROLENAME,DETIAL,ROLEID) values ('maker','供应商',22);
Insert into RAINBOWSIX6.USER_ROLE (ROLENAME,DETIAL,ROLEID) values ('admin','管理员',2);
--------------------------------------------------------
--  DDL for Index BUYER_PK
--------------------------------------------------------

  CREATE UNIQUE INDEX "RAINBOWSIX6"."BUYER_PK" ON "RAINBOWSIX6"."BUYER" ("BUYER_NO") 
  PCTFREE 10 INITRANS 2 MAXTRANS 255 COMPUTE STATISTICS NOCOMPRESS LOGGING
  TABLESPACE "USERS" ;
--------------------------------------------------------
--  DDL for Index GOODS_PK
--------------------------------------------------------

  CREATE UNIQUE INDEX "RAINBOWSIX6"."GOODS_PK" ON "RAINBOWSIX6"."GOODS" ("PROID") 
  PCTFREE 10 INITRANS 2 MAXTRANS 255 COMPUTE STATISTICS 
  STORAGE(INITIAL 65536 NEXT 1048576 MINEXTENTS 1 MAXEXTENTS 2147483645
  PCTINCREASE 0 FREELISTS 1 FREELIST GROUPS 1 BUFFER_POOL DEFAULT FLASH_CACHE DEFAULT CELL_FLASH_CACHE DEFAULT)
  TABLESPACE "USERS" ;
--------------------------------------------------------
--  DDL for Index SYS_C0011462
--------------------------------------------------------

  CREATE UNIQUE INDEX "RAINBOWSIX6"."SYS_C0011462" ON "RAINBOWSIX6"."AREA" ("AREA_ID") 
  PCTFREE 10 INITRANS 2 MAXTRANS 255 COMPUTE STATISTICS 
  STORAGE(INITIAL 65536 NEXT 1048576 MINEXTENTS 1 MAXEXTENTS 2147483645
  PCTINCREASE 0 FREELISTS 1 FREELIST GROUPS 1 BUFFER_POOL DEFAULT FLASH_CACHE DEFAULT CELL_FLASH_CACHE DEFAULT)
  TABLESPACE "USERS" ;
--------------------------------------------------------
--  DDL for Index GOODSPHOTO_PK
--------------------------------------------------------

  CREATE UNIQUE INDEX "RAINBOWSIX6"."GOODSPHOTO_PK" ON "RAINBOWSIX6"."GOODSPHOTO" ("PHOTO_ID") 
  PCTFREE 10 INITRANS 2 MAXTRANS 255 COMPUTE STATISTICS 
  STORAGE(INITIAL 65536 NEXT 1048576 MINEXTENTS 1 MAXEXTENTS 2147483645
  PCTINCREASE 0 FREELISTS 1 FREELIST GROUPS 1 BUFFER_POOL DEFAULT FLASH_CACHE DEFAULT CELL_FLASH_CACHE DEFAULT)
  TABLESPACE "USERS" ;
--------------------------------------------------------
--  DDL for Index MAKER_PK
--------------------------------------------------------

  CREATE UNIQUE INDEX "RAINBOWSIX6"."MAKER_PK" ON "RAINBOWSIX6"."MAKER" ("MAKER_ID") 
  PCTFREE 10 INITRANS 2 MAXTRANS 255 COMPUTE STATISTICS 
  STORAGE(INITIAL 65536 NEXT 1048576 MINEXTENTS 1 MAXEXTENTS 2147483645
  PCTINCREASE 0 FREELISTS 1 FREELIST GROUPS 1 BUFFER_POOL DEFAULT FLASH_CACHE DEFAULT CELL_FLASH_CACHE DEFAULT)
  TABLESPACE "USERS" ;
--------------------------------------------------------
--  DDL for Index PHOTO_LINK_COLOR_PK
--------------------------------------------------------

  CREATE UNIQUE INDEX "RAINBOWSIX6"."PHOTO_LINK_COLOR_PK" ON "RAINBOWSIX6"."PHOTO_LINK_COLOR" ("PHOTOID", "COLORID") 
  PCTFREE 10 INITRANS 2 MAXTRANS 255 COMPUTE STATISTICS 
  STORAGE(INITIAL 65536 NEXT 1048576 MINEXTENTS 1 MAXEXTENTS 2147483645
  PCTINCREASE 0 FREELISTS 1 FREELIST GROUPS 1 BUFFER_POOL DEFAULT FLASH_CACHE DEFAULT CELL_FLASH_CACHE DEFAULT)
  TABLESPACE "USERS" ;
--------------------------------------------------------
--  DDL for Index ORDERS_PK
--------------------------------------------------------

  CREATE UNIQUE INDEX "RAINBOWSIX6"."ORDERS_PK" ON "RAINBOWSIX6"."ORDERS" ("ORDERID") 
  PCTFREE 10 INITRANS 2 MAXTRANS 255 COMPUTE STATISTICS 
  STORAGE(INITIAL 65536 NEXT 1048576 MINEXTENTS 1 MAXEXTENTS 2147483645
  PCTINCREASE 0 FREELISTS 1 FREELIST GROUPS 1 BUFFER_POOL DEFAULT FLASH_CACHE DEFAULT CELL_FLASH_CACHE DEFAULT)
  TABLESPACE "USERS" ;
--------------------------------------------------------
--  DDL for Index PHOTOCOLOR_PK
--------------------------------------------------------

  CREATE UNIQUE INDEX "RAINBOWSIX6"."PHOTOCOLOR_PK" ON "RAINBOWSIX6"."PHOTOCOLOR" ("COLORID") 
  PCTFREE 10 INITRANS 2 MAXTRANS 255 COMPUTE STATISTICS 
  STORAGE(INITIAL 65536 NEXT 1048576 MINEXTENTS 1 MAXEXTENTS 2147483645
  PCTINCREASE 0 FREELISTS 1 FREELIST GROUPS 1 BUFFER_POOL DEFAULT FLASH_CACHE DEFAULT CELL_FLASH_CACHE DEFAULT)
  TABLESPACE "USERS" ;
--------------------------------------------------------
--  DDL for Index SYS_C0011319
--------------------------------------------------------

  CREATE UNIQUE INDEX "RAINBOWSIX6"."SYS_C0011319" ON "RAINBOWSIX6"."RESELLER" ("RESELLER_ID") 
  PCTFREE 10 INITRANS 2 MAXTRANS 255 COMPUTE STATISTICS 
  STORAGE(INITIAL 65536 NEXT 1048576 MINEXTENTS 1 MAXEXTENTS 2147483645
  PCTINCREASE 0 FREELISTS 1 FREELIST GROUPS 1 BUFFER_POOL DEFAULT FLASH_CACHE DEFAULT CELL_FLASH_CACHE DEFAULT)
  TABLESPACE "USERS" ;
--------------------------------------------------------
--  DDL for Index SYS_C0011517
--------------------------------------------------------

  CREATE UNIQUE INDEX "RAINBOWSIX6"."SYS_C0011517" ON "RAINBOWSIX6"."ROLE_LINK_FUNCTION" ("FUNCTION_ID", "ROLE_ID") 
  PCTFREE 10 INITRANS 2 MAXTRANS 255 COMPUTE STATISTICS 
  STORAGE(INITIAL 65536 NEXT 1048576 MINEXTENTS 1 MAXEXTENTS 2147483645
  PCTINCREASE 0 FREELISTS 1 FREELIST GROUPS 1 BUFFER_POOL DEFAULT FLASH_CACHE DEFAULT CELL_FLASH_CACHE DEFAULT)
  TABLESPACE "USERS" ;
--------------------------------------------------------
--  DDL for Index SYS_C0011516
--------------------------------------------------------

  CREATE UNIQUE INDEX "RAINBOWSIX6"."SYS_C0011516" ON "RAINBOWSIX6"."SYS_FUNCTION" ("FUN_ID") 
  PCTFREE 10 INITRANS 2 MAXTRANS 255 COMPUTE STATISTICS 
  STORAGE(INITIAL 65536 NEXT 1048576 MINEXTENTS 1 MAXEXTENTS 2147483645
  PCTINCREASE 0 FREELISTS 1 FREELIST GROUPS 1 BUFFER_POOL DEFAULT FLASH_CACHE DEFAULT CELL_FLASH_CACHE DEFAULT)
  TABLESPACE "USERS" ;
--------------------------------------------------------
--  DDL for Index SYS_C0011514
--------------------------------------------------------

  CREATE UNIQUE INDEX "RAINBOWSIX6"."SYS_C0011514" ON "RAINBOWSIX6"."SYS_MODULE" ("MODULE_ID") 
  PCTFREE 10 INITRANS 2 MAXTRANS 255 COMPUTE STATISTICS 
  STORAGE(INITIAL 65536 NEXT 1048576 MINEXTENTS 1 MAXEXTENTS 2147483645
  PCTINCREASE 0 FREELISTS 1 FREELIST GROUPS 1 BUFFER_POOL DEFAULT FLASH_CACHE DEFAULT CELL_FLASH_CACHE DEFAULT)
  TABLESPACE "USERS" ;
--------------------------------------------------------
--  DDL for Index SYS_C0011303
--------------------------------------------------------

  CREATE UNIQUE INDEX "RAINBOWSIX6"."SYS_C0011303" ON "RAINBOWSIX6"."SYS_USER" ("USERID") 
  PCTFREE 10 INITRANS 2 MAXTRANS 255 COMPUTE STATISTICS 
  STORAGE(INITIAL 65536 NEXT 1048576 MINEXTENTS 1 MAXEXTENTS 2147483645
  PCTINCREASE 0 FREELISTS 1 FREELIST GROUPS 1 BUFFER_POOL DEFAULT FLASH_CACHE DEFAULT CELL_FLASH_CACHE DEFAULT)
  TABLESPACE "USERS" ;
--------------------------------------------------------
--  DDL for Index SYS_C0011304
--------------------------------------------------------

  CREATE UNIQUE INDEX "RAINBOWSIX6"."SYS_C0011304" ON "RAINBOWSIX6"."SYS_USER" ("USERNAME") 
  PCTFREE 10 INITRANS 2 MAXTRANS 255 COMPUTE STATISTICS 
  STORAGE(INITIAL 65536 NEXT 1048576 MINEXTENTS 1 MAXEXTENTS 2147483645
  PCTINCREASE 0 FREELISTS 1 FREELIST GROUPS 1 BUFFER_POOL DEFAULT FLASH_CACHE DEFAULT CELL_FLASH_CACHE DEFAULT)
  TABLESPACE "USERS" ;
--------------------------------------------------------
--  DDL for Index SYS_C0011442
--------------------------------------------------------

  CREATE UNIQUE INDEX "RAINBOWSIX6"."SYS_C0011442" ON "RAINBOWSIX6"."USER_LINK_ROLE" ("USERID", "ROLEID") 
  PCTFREE 10 INITRANS 2 MAXTRANS 255 COMPUTE STATISTICS 
  STORAGE(INITIAL 65536 NEXT 1048576 MINEXTENTS 1 MAXEXTENTS 2147483645
  PCTINCREASE 0 FREELISTS 1 FREELIST GROUPS 1 BUFFER_POOL DEFAULT FLASH_CACHE DEFAULT CELL_FLASH_CACHE DEFAULT)
  TABLESPACE "USERS" ;
--------------------------------------------------------
--  DDL for Index USER_ROLE_PK
--------------------------------------------------------

  CREATE UNIQUE INDEX "RAINBOWSIX6"."USER_ROLE_PK" ON "RAINBOWSIX6"."USER_ROLE" ("ROLEID") 
  PCTFREE 10 INITRANS 2 MAXTRANS 255 COMPUTE STATISTICS 
  STORAGE(INITIAL 65536 NEXT 1048576 MINEXTENTS 1 MAXEXTENTS 2147483645
  PCTINCREASE 0 FREELISTS 1 FREELIST GROUPS 1 BUFFER_POOL DEFAULT FLASH_CACHE DEFAULT CELL_FLASH_CACHE DEFAULT)
  TABLESPACE "USERS" ;
--------------------------------------------------------
--  DDL for Index USER_ROLE_UK1
--------------------------------------------------------

  CREATE UNIQUE INDEX "RAINBOWSIX6"."USER_ROLE_UK1" ON "RAINBOWSIX6"."USER_ROLE" ("ROLENAME") 
  PCTFREE 10 INITRANS 2 MAXTRANS 255 COMPUTE STATISTICS 
  STORAGE(INITIAL 65536 NEXT 1048576 MINEXTENTS 1 MAXEXTENTS 2147483645
  PCTINCREASE 0 FREELISTS 1 FREELIST GROUPS 1 BUFFER_POOL DEFAULT FLASH_CACHE DEFAULT CELL_FLASH_CACHE DEFAULT)
  TABLESPACE "USERS" ;
--------------------------------------------------------
--  Constraints for Table BUYER
--------------------------------------------------------

  ALTER TABLE "RAINBOWSIX6"."BUYER" ADD CONSTRAINT "BUYER_PK" PRIMARY KEY ("BUYER_NO")
  USING INDEX PCTFREE 10 INITRANS 2 MAXTRANS 255 COMPUTE STATISTICS NOCOMPRESS LOGGING
  TABLESPACE "USERS"  ENABLE;
 
  ALTER TABLE "RAINBOWSIX6"."BUYER" MODIFY ("BUYER_NO" NOT NULL ENABLE);
 
  ALTER TABLE "RAINBOWSIX6"."BUYER" MODIFY ("BUYER_NAME" NOT NULL ENABLE);
 
  ALTER TABLE "RAINBOWSIX6"."BUYER" MODIFY ("BUYER_CONTACT" NOT NULL ENABLE);
 
  ALTER TABLE "RAINBOWSIX6"."BUYER" MODIFY ("BUYER_CODE" NOT NULL ENABLE);
 
  ALTER TABLE "RAINBOWSIX6"."BUYER" MODIFY ("BUYER_LOCAL" NOT NULL ENABLE);
 
  ALTER TABLE "RAINBOWSIX6"."BUYER" MODIFY ("BUYER_SHOP" NOT NULL ENABLE);
 
  ALTER TABLE "RAINBOWSIX6"."BUYER" MODIFY ("BUYER_AREA" NOT NULL ENABLE);
--------------------------------------------------------
--  Constraints for Table GOODS
--------------------------------------------------------

  ALTER TABLE "RAINBOWSIX6"."GOODS" ADD CONSTRAINT "GOODS_PK" PRIMARY KEY ("PROID")
  USING INDEX PCTFREE 10 INITRANS 2 MAXTRANS 255 COMPUTE STATISTICS 
  STORAGE(INITIAL 65536 NEXT 1048576 MINEXTENTS 1 MAXEXTENTS 2147483645
  PCTINCREASE 0 FREELISTS 1 FREELIST GROUPS 1 BUFFER_POOL DEFAULT FLASH_CACHE DEFAULT CELL_FLASH_CACHE DEFAULT)
  TABLESPACE "USERS"  ENABLE;
 
  ALTER TABLE "RAINBOWSIX6"."GOODS" MODIFY ("PROID" NOT NULL ENABLE);
 
  ALTER TABLE "RAINBOWSIX6"."GOODS" MODIFY ("COMID" NOT NULL ENABLE);
 
  ALTER TABLE "RAINBOWSIX6"."GOODS" MODIFY ("TITLE" NOT NULL ENABLE);
 
  ALTER TABLE "RAINBOWSIX6"."GOODS" MODIFY ("PRICE" NOT NULL ENABLE);
--------------------------------------------------------
--  Constraints for Table LOGISTICS
--------------------------------------------------------

  ALTER TABLE "RAINBOWSIX6"."LOGISTICS" ADD CONSTRAINT "LOGISTICS_PK" PRIMARY KEY ("LOGISTICSID")
  USING INDEX PCTFREE 10 INITRANS 2 MAXTRANS 255 COMPUTE STATISTICS 
  STORAGE(INITIAL 65536 NEXT 1048576 MINEXTENTS 1 MAXEXTENTS 2147483645
  PCTINCREASE 0 FREELISTS 1 FREELIST GROUPS 1 BUFFER_POOL DEFAULT FLASH_CACHE DEFAULT CELL_FLASH_CACHE DEFAULT)
  TABLESPACE "SYSTEM"  ENABLE;
 
  ALTER TABLE "RAINBOWSIX6"."LOGISTICS" MODIFY ("LOGISTICSID" NOT NULL ENABLE);
--------------------------------------------------------
--  Constraints for Table AREA
--------------------------------------------------------

  ALTER TABLE "RAINBOWSIX6"."AREA" ADD PRIMARY KEY ("AREA_ID")
  USING INDEX PCTFREE 10 INITRANS 2 MAXTRANS 255 COMPUTE STATISTICS 
  STORAGE(INITIAL 65536 NEXT 1048576 MINEXTENTS 1 MAXEXTENTS 2147483645
  PCTINCREASE 0 FREELISTS 1 FREELIST GROUPS 1 BUFFER_POOL DEFAULT FLASH_CACHE DEFAULT CELL_FLASH_CACHE DEFAULT)
  TABLESPACE "USERS"  ENABLE;
--------------------------------------------------------
--  Constraints for Table GOODSPHOTO
--------------------------------------------------------

  ALTER TABLE "RAINBOWSIX6"."GOODSPHOTO" ADD CONSTRAINT "GOODSPHOTO_PK" PRIMARY KEY ("PHOTO_ID")
  USING INDEX PCTFREE 10 INITRANS 2 MAXTRANS 255 COMPUTE STATISTICS 
  STORAGE(INITIAL 65536 NEXT 1048576 MINEXTENTS 1 MAXEXTENTS 2147483645
  PCTINCREASE 0 FREELISTS 1 FREELIST GROUPS 1 BUFFER_POOL DEFAULT FLASH_CACHE DEFAULT CELL_FLASH_CACHE DEFAULT)
  TABLESPACE "USERS"  ENABLE;
 
  ALTER TABLE "RAINBOWSIX6"."GOODSPHOTO" MODIFY ("PHOTO_ID" NOT NULL ENABLE);
--------------------------------------------------------
--  Constraints for Table MAKER
--------------------------------------------------------

  ALTER TABLE "RAINBOWSIX6"."MAKER" ADD CONSTRAINT "MAKER_PK" PRIMARY KEY ("MAKER_ID")
  USING INDEX PCTFREE 10 INITRANS 2 MAXTRANS 255 COMPUTE STATISTICS 
  STORAGE(INITIAL 65536 NEXT 1048576 MINEXTENTS 1 MAXEXTENTS 2147483645
  PCTINCREASE 0 FREELISTS 1 FREELIST GROUPS 1 BUFFER_POOL DEFAULT FLASH_CACHE DEFAULT CELL_FLASH_CACHE DEFAULT)
  TABLESPACE "USERS"  ENABLE;
 
  ALTER TABLE "RAINBOWSIX6"."MAKER" MODIFY ("MAKER_ID" NOT NULL ENABLE);
--------------------------------------------------------
--  Constraints for Table PHOTO_LINK_COLOR
--------------------------------------------------------

  ALTER TABLE "RAINBOWSIX6"."PHOTO_LINK_COLOR" ADD CONSTRAINT "PHOTO_LINK_COLOR_PK" PRIMARY KEY ("PHOTOID", "COLORID")
  USING INDEX PCTFREE 10 INITRANS 2 MAXTRANS 255 COMPUTE STATISTICS 
  STORAGE(INITIAL 65536 NEXT 1048576 MINEXTENTS 1 MAXEXTENTS 2147483645
  PCTINCREASE 0 FREELISTS 1 FREELIST GROUPS 1 BUFFER_POOL DEFAULT FLASH_CACHE DEFAULT CELL_FLASH_CACHE DEFAULT)
  TABLESPACE "USERS"  ENABLE;
 
  ALTER TABLE "RAINBOWSIX6"."PHOTO_LINK_COLOR" MODIFY ("PHOTOID" NOT NULL ENABLE);
 
  ALTER TABLE "RAINBOWSIX6"."PHOTO_LINK_COLOR" MODIFY ("COLORID" NOT NULL ENABLE);
--------------------------------------------------------
--  Constraints for Table ORDERS
--------------------------------------------------------

  ALTER TABLE "RAINBOWSIX6"."ORDERS" ADD CONSTRAINT "ORDERS_PK" PRIMARY KEY ("ORDERID")
  USING INDEX PCTFREE 10 INITRANS 2 MAXTRANS 255 COMPUTE STATISTICS 
  STORAGE(INITIAL 65536 NEXT 1048576 MINEXTENTS 1 MAXEXTENTS 2147483645
  PCTINCREASE 0 FREELISTS 1 FREELIST GROUPS 1 BUFFER_POOL DEFAULT FLASH_CACHE DEFAULT CELL_FLASH_CACHE DEFAULT)
  TABLESPACE "USERS"  ENABLE;
 
  ALTER TABLE "RAINBOWSIX6"."ORDERS" MODIFY ("ORDERID" NOT NULL ENABLE);
--------------------------------------------------------
--  Constraints for Table PHOTOCOLOR
--------------------------------------------------------

  ALTER TABLE "RAINBOWSIX6"."PHOTOCOLOR" ADD CONSTRAINT "PHOTOCOLOR_PK" PRIMARY KEY ("COLORID")
  USING INDEX PCTFREE 10 INITRANS 2 MAXTRANS 255 COMPUTE STATISTICS 
  STORAGE(INITIAL 65536 NEXT 1048576 MINEXTENTS 1 MAXEXTENTS 2147483645
  PCTINCREASE 0 FREELISTS 1 FREELIST GROUPS 1 BUFFER_POOL DEFAULT FLASH_CACHE DEFAULT CELL_FLASH_CACHE DEFAULT)
  TABLESPACE "USERS"  ENABLE;
 
  ALTER TABLE "RAINBOWSIX6"."PHOTOCOLOR" MODIFY ("COLORID" NOT NULL ENABLE);
--------------------------------------------------------
--  Constraints for Table RESELLER
--------------------------------------------------------

  ALTER TABLE "RAINBOWSIX6"."RESELLER" MODIFY ("RESELLER_MAIL" NOT NULL ENABLE);
 
  ALTER TABLE "RAINBOWSIX6"."RESELLER" MODIFY ("RESELLER_LOCATION" NOT NULL ENABLE);
 
  ALTER TABLE "RAINBOWSIX6"."RESELLER" ADD PRIMARY KEY ("RESELLER_ID")
  USING INDEX PCTFREE 10 INITRANS 2 MAXTRANS 255 COMPUTE STATISTICS 
  STORAGE(INITIAL 65536 NEXT 1048576 MINEXTENTS 1 MAXEXTENTS 2147483645
  PCTINCREASE 0 FREELISTS 1 FREELIST GROUPS 1 BUFFER_POOL DEFAULT FLASH_CACHE DEFAULT CELL_FLASH_CACHE DEFAULT)
  TABLESPACE "USERS"  ENABLE;
 
  ALTER TABLE "RAINBOWSIX6"."RESELLER" MODIFY ("RESELLER_NAME" NOT NULL ENABLE);
--------------------------------------------------------
--  Constraints for Table ROLE_LINK_FUNCTION
--------------------------------------------------------

  ALTER TABLE "RAINBOWSIX6"."ROLE_LINK_FUNCTION" ADD PRIMARY KEY ("FUNCTION_ID", "ROLE_ID")
  USING INDEX PCTFREE 10 INITRANS 2 MAXTRANS 255 COMPUTE STATISTICS 
  STORAGE(INITIAL 65536 NEXT 1048576 MINEXTENTS 1 MAXEXTENTS 2147483645
  PCTINCREASE 0 FREELISTS 1 FREELIST GROUPS 1 BUFFER_POOL DEFAULT FLASH_CACHE DEFAULT CELL_FLASH_CACHE DEFAULT)
  TABLESPACE "USERS"  ENABLE;
--------------------------------------------------------
--  Constraints for Table SYS_FUNCTION
--------------------------------------------------------

  ALTER TABLE "RAINBOWSIX6"."SYS_FUNCTION" MODIFY ("FUN_NAME" NOT NULL ENABLE);
 
  ALTER TABLE "RAINBOWSIX6"."SYS_FUNCTION" ADD PRIMARY KEY ("FUN_ID")
  USING INDEX PCTFREE 10 INITRANS 2 MAXTRANS 255 COMPUTE STATISTICS 
  STORAGE(INITIAL 65536 NEXT 1048576 MINEXTENTS 1 MAXEXTENTS 2147483645
  PCTINCREASE 0 FREELISTS 1 FREELIST GROUPS 1 BUFFER_POOL DEFAULT FLASH_CACHE DEFAULT CELL_FLASH_CACHE DEFAULT)
  TABLESPACE "USERS"  ENABLE;
--------------------------------------------------------
--  Constraints for Table SYS_MODULE
--------------------------------------------------------

  ALTER TABLE "RAINBOWSIX6"."SYS_MODULE" MODIFY ("MODULE_NAME" NOT NULL ENABLE);
 
  ALTER TABLE "RAINBOWSIX6"."SYS_MODULE" ADD PRIMARY KEY ("MODULE_ID")
  USING INDEX PCTFREE 10 INITRANS 2 MAXTRANS 255 COMPUTE STATISTICS 
  STORAGE(INITIAL 65536 NEXT 1048576 MINEXTENTS 1 MAXEXTENTS 2147483645
  PCTINCREASE 0 FREELISTS 1 FREELIST GROUPS 1 BUFFER_POOL DEFAULT FLASH_CACHE DEFAULT CELL_FLASH_CACHE DEFAULT)
  TABLESPACE "USERS"  ENABLE;
--------------------------------------------------------
--  Constraints for Table SYS_USER
--------------------------------------------------------

  ALTER TABLE "RAINBOWSIX6"."SYS_USER" MODIFY ("USERNAME" NOT NULL ENABLE);
 
  ALTER TABLE "RAINBOWSIX6"."SYS_USER" MODIFY ("USERPASSWORD" NOT NULL ENABLE);
 
  ALTER TABLE "RAINBOWSIX6"."SYS_USER" ADD PRIMARY KEY ("USERID")
  USING INDEX PCTFREE 10 INITRANS 2 MAXTRANS 255 COMPUTE STATISTICS 
  STORAGE(INITIAL 65536 NEXT 1048576 MINEXTENTS 1 MAXEXTENTS 2147483645
  PCTINCREASE 0 FREELISTS 1 FREELIST GROUPS 1 BUFFER_POOL DEFAULT FLASH_CACHE DEFAULT CELL_FLASH_CACHE DEFAULT)
  TABLESPACE "USERS"  ENABLE;
 
  ALTER TABLE "RAINBOWSIX6"."SYS_USER" ADD UNIQUE ("USERNAME")
  USING INDEX PCTFREE 10 INITRANS 2 MAXTRANS 255 COMPUTE STATISTICS 
  STORAGE(INITIAL 65536 NEXT 1048576 MINEXTENTS 1 MAXEXTENTS 2147483645
  PCTINCREASE 0 FREELISTS 1 FREELIST GROUPS 1 BUFFER_POOL DEFAULT FLASH_CACHE DEFAULT CELL_FLASH_CACHE DEFAULT)
  TABLESPACE "USERS"  ENABLE;
--------------------------------------------------------
--  Constraints for Table USER_LINK_ROLE
--------------------------------------------------------

  ALTER TABLE "RAINBOWSIX6"."USER_LINK_ROLE" MODIFY ("USERID" NOT NULL ENABLE);
 
  ALTER TABLE "RAINBOWSIX6"."USER_LINK_ROLE" MODIFY ("ROLEID" NOT NULL ENABLE);
 
  ALTER TABLE "RAINBOWSIX6"."USER_LINK_ROLE" ADD PRIMARY KEY ("USERID", "ROLEID")
  USING INDEX PCTFREE 10 INITRANS 2 MAXTRANS 255 COMPUTE STATISTICS 
  STORAGE(INITIAL 65536 NEXT 1048576 MINEXTENTS 1 MAXEXTENTS 2147483645
  PCTINCREASE 0 FREELISTS 1 FREELIST GROUPS 1 BUFFER_POOL DEFAULT FLASH_CACHE DEFAULT CELL_FLASH_CACHE DEFAULT)
  TABLESPACE "USERS"  ENABLE;
--------------------------------------------------------
--  Constraints for Table USER_ROLE
--------------------------------------------------------

  ALTER TABLE "RAINBOWSIX6"."USER_ROLE" MODIFY ("ROLENAME" NOT NULL ENABLE);
 
  ALTER TABLE "RAINBOWSIX6"."USER_ROLE" MODIFY ("ROLEID" NOT NULL ENABLE);
 
  ALTER TABLE "RAINBOWSIX6"."USER_ROLE" ADD CONSTRAINT "USER_ROLE_PK" PRIMARY KEY ("ROLEID")
  USING INDEX PCTFREE 10 INITRANS 2 MAXTRANS 255 COMPUTE STATISTICS 
  STORAGE(INITIAL 65536 NEXT 1048576 MINEXTENTS 1 MAXEXTENTS 2147483645
  PCTINCREASE 0 FREELISTS 1 FREELIST GROUPS 1 BUFFER_POOL DEFAULT FLASH_CACHE DEFAULT CELL_FLASH_CACHE DEFAULT)
  TABLESPACE "USERS"  ENABLE;
 
  ALTER TABLE "RAINBOWSIX6"."USER_ROLE" ADD CONSTRAINT "USER_ROLE_UK1" UNIQUE ("ROLENAME")
  USING INDEX PCTFREE 10 INITRANS 2 MAXTRANS 255 COMPUTE STATISTICS 
  STORAGE(INITIAL 65536 NEXT 1048576 MINEXTENTS 1 MAXEXTENTS 2147483645
  PCTINCREASE 0 FREELISTS 1 FREELIST GROUPS 1 BUFFER_POOL DEFAULT FLASH_CACHE DEFAULT CELL_FLASH_CACHE DEFAULT)
  TABLESPACE "USERS"  ENABLE;
